player_id,display_name,mean_receiving_yards,mean_receiving_tds,mean_receptions,mean_rushing_yards,mean_rushing_tds,mean_fumbles,median_receiving_yards,median_receiving_tds,median_receptions,median_rushing_yards,median_rushing_tds,median_fumbles,p10_receiving_yards,p10_receiving_tds,p10_receptions,p10_rushing_yards,p10_rushing_tds,p10_fumbles,p90_receiving_yards,p90_receiving_tds,p90_receptions,p90_rushing_yards,p90_rushing_tds,p90_fumbles
00-0036900,Ja'Marr Chase,1596.9,15.1,119.3,13.4,0.0,0.2,1344.2,13.3,106.7,7.7,0.0,0.0,593.7,6.2,55.7,1.1,0.0,0.0,3049.8,27.4,204.0,35.6,0.0,0.7
00-0036322,Justin Jefferson,1440.3,8.9,95.5,1.0,0.0,1.1,1214.9,7.8,85.2,0.1,0.0,1.0,537.0,3.4,44.4,0.0,0.0,0.2,2742.6,16.6,164.6,3.5,0.0,2.4
00-0039893,Brian Thomas Jr.,1194.8,8.8,81.2,20.5,0.0,0.2,1006.8,7.7,73.8,12.1,0.0,0.0,440.7,3.4,37.9,2.2,0.0,0.0,2278.9,16.4,137.5,52.4,0.0,0.7
00-0037238,Drake London,1185.3,8.0,92.7,0.0,0.0,0.2,1001.0,7.0,82.4,0.0,0.0,0.0,443.8,3.0,42.9,0.0,0.0,0.0,2225.4,14.9,160.8,0.0,0.0,0.7
00-0036963,Amon-Ra St. Brown,1181.8,10.5,107.2,2.2,0.0,1.1,986.6,9.2,96.1,0.8,0.0,1.0,440.7,4.1,49.7,0.0,0.0,0.2,2275.6,19.5,183.7,6.7,0.0,2.3
00-0036407,Jerry Jeudy,1139.2,3.5,84.0,0.1,0.0,0.2,954.7,3.0,74.9,0.0,0.0,0.0,424.5,1.0,39.4,0.0,0.0,0.0,2164.2,6.8,145.1,0.1,0.0,0.7
00-0036358,CeeDee Lamb,1121.6,5.2,93.3,30.3,0.0,1.1,943.7,4.5,83.0,18.3,0.0,1.0,424.1,1.8,43.6,3.6,0.0,0.2,2127.1,9.9,160.7,76.9,0.0,2.4
00-0039337,Malik Nabers,1119.5,6.1,102.0,0.6,0.0,1.1,941.8,5.3,91.4,0.0,0.0,0.9,418.4,2.2,47.5,0.0,0.0,0.2,2121.4,11.6,174.7,2.3,0.0,2.4
00-0039915,Ladd McConkey,1077.0,6.2,76.8,0.1,0.0,2.2,902.0,5.3,69.2,0.0,0.0,1.9,402.7,2.2,35.8,0.0,0.0,0.7,2073.3,11.7,131.2,0.1,0.0,4.1
00-0038543,Jaxon Smith-Njigba,1066.1,5.3,93.4,11.0,0.0,1.1,899.0,4.6,83.7,6.3,0.0,1.0,397.3,1.8,43.4,0.7,0.0,0.2,2024.1,10.1,159.9,28.8,0.0,2.4
00-0035659,Terry McLaurin,1040.5,11.5,77.1,0.6,0.0,1.1,879.2,10.0,69.4,0.0,0.0,1.0,383.1,4.6,35.9,0.0,0.0,0.2,1987.3,21.3,133.0,2.4,0.0,2.4
00-0037740,Garrett Wilson,1028.2,6.2,94.2,1.8,0.0,2.2,859.4,5.4,83.9,0.6,0.0,2.0,377.7,2.1,43.5,0.0,0.0,0.7,1980.7,11.7,163.6,5.6,0.0,4.1
00-0034348,Courtland Sutton,1008.9,7.1,75.6,0.1,0.0,1.1,852.8,6.1,67.9,0.0,0.0,1.0,374.7,2.5,35.2,0.0,0.0,0.1,1904.2,13.3,129.7,0.1,0.0,2.4
00-0035676,A.J. Brown,993.4,6.2,62.7,0.1,0.0,0.2,838.8,5.3,55.7,0.0,0.0,0.0,369.0,2.2,28.9,0.0,0.0,0.0,1869.5,11.8,108.4,0.1,0.0,0.7
00-0031381,Davante Adams,989.3,7.1,79.6,0.1,0.0,0.2,835.7,6.2,71.3,0.0,0.0,0.0,372.1,2.6,37.0,0.0,0.0,0.0,1880.7,13.2,135.4,0.1,0.0,0.7
00-0039064,Zay Flowers,986.6,3.5,69.1,24.7,0.0,0.2,823.8,3.0,61.6,14.4,0.0,0.0,366.1,1.0,31.8,2.7,0.0,0.0,1882.0,6.9,119.7,64.4,0.0,0.7
00-0034837,Calvin Ridley,964.6,3.5,59.7,24.0,0.2,1.1,807.4,2.9,53.3,14.4,0.0,1.0,360.6,1.0,27.5,2.7,0.0,0.2,1844.9,6.9,102.6,62.4,0.5,2.3
00-0034960,Jakobi Meyers,955.7,3.5,80.8,9.6,0.0,0.2,810.9,2.9,72.7,5.5,0.0,0.0,351.7,1.0,37.6,0.6,0.0,0.0,1807.3,6.9,138.7,25.2,0.0,0.7
00-0036554,Nico Collins,949.3,6.2,63.6,0.1,0.0,0.2,797.6,5.3,57.0,0.0,0.0,0.0,347.6,2.2,29.1,0.0,0.0,0.0,1808.2,11.6,109.7,0.1,0.0,0.7
00-0037240,Jameson Williams,940.5,6.2,54.2,26.8,0.2,0.2,798.2,5.4,48.7,15.9,0.0,0.0,349.5,2.2,25.4,2.9,0.0,0.0,1792.9,11.7,92.9,68.5,0.5,0.7
00-0036309,Darnell Mooney,931.8,4.3,59.5,0.1,0.0,0.2,783.9,3.7,53.4,0.0,0.0,0.0,348.7,1.4,27.5,0.0,0.0,0.0,1772.6,8.5,102.7,0.1,0.0,0.7
00-0039075,Puka Nacua,931.7,2.6,73.4,20.1,0.2,0.2,792.2,2.1,65.8,11.6,0.0,0.0,346.2,0.6,34.0,2.0,0.0,0.0,1766.2,5.3,125.5,52.4,0.5,0.7
00-0031408,Mike Evans,931.6,9.7,69.1,0.1,0.0,0.2,787.2,8.5,62.1,0.0,0.0,0.0,349.1,3.7,31.9,0.0,0.0,0.0,1773.1,18.0,119.6,0.1,0.0,0.7
00-0035640,DK Metcalf,921.0,4.4,61.6,0.1,0.0,2.2,777.4,3.7,55.1,0.0,0.0,1.9,347.9,1.4,28.2,0.0,0.0,0.7,1748.2,8.5,106.8,0.1,0.0,4.0
00-0036259,Jauan Jennings,908.3,5.2,71.8,0.1,0.0,1.1,762.2,4.5,64.2,0.0,0.0,1.0,339.0,1.7,33.0,0.0,0.0,0.1,1723.2,10.0,123.8,0.1,0.0,2.4
00-0034827,DJ Moore,901.5,5.2,90.7,32.4,0.0,1.1,758.2,4.5,80.9,19.0,0.0,1.0,336.8,1.7,42.2,3.9,0.0,0.2,1713.6,9.8,155.8,82.8,0.0,2.4
00-0033040,Tyreek Hill,898.6,5.3,75.6,23.3,0.0,0.2,760.3,4.6,67.5,13.8,0.0,0.0,332.4,1.8,35.0,2.5,0.0,0.0,1713.7,10.2,129.9,60.2,0.0,0.7
00-0036410,Tee Higgins,858.1,8.9,68.2,0.1,0.0,1.1,726.1,7.7,61.0,0.0,0.0,1.0,318.8,3.4,31.8,0.0,0.0,0.1,1623.8,16.4,118.3,0.1,0.0,2.4
00-0037247,George Pickens,840.8,2.6,55.1,0.0,0.0,1.1,710.4,2.2,49.4,0.0,0.0,1.0,310.1,0.6,24.9,0.0,0.0,0.2,1618.3,5.3,94.9,0.0,0.0,2.3
00-0039849,Marvin Harrison Jr.,829.9,7.1,57.9,0.1,0.0,1.1,702.2,6.1,51.8,0.0,0.0,1.0,307.8,2.6,27.1,0.0,0.0,0.2,1571.4,13.2,99.7,0.1,0.0,2.4
00-0038994,Jordan Addison,818.9,8.0,58.5,8.4,0.2,0.2,692.4,7.0,52.5,4.7,0.0,0.0,305.5,3.0,27.1,0.3,0.0,0.0,1560.6,14.9,101.7,22.5,0.5,0.7
00-0039146,Jayden Reed,803.1,5.3,51.5,70.5,0.2,1.1,674.2,4.6,46.3,42.5,0.0,1.0,295.7,1.8,23.6,9.8,0.0,0.1,1525.0,10.1,88.8,178.2,0.5,2.3
00-0036912,DeVonta Smith,779.7,7.0,63.4,0.3,0.0,0.2,657.6,6.1,57.0,0.0,0.0,0.0,292.0,2.5,29.1,0.0,0.0,0.0,1487.7,13.3,109.5,1.2,0.0,0.7
00-0037664,Alec Pierce,772.8,6.2,34.5,0.1,0.0,0.2,650.4,5.3,30.8,0.0,0.0,0.0,291.3,2.1,15.9,0.0,0.0,0.0,1475.4,11.6,60.1,0.1,0.0,0.7
00-0037261,Khalil Shakir,768.0,3.4,71.9,1.4,0.0,1.1,645.6,2.9,64.8,0.4,0.0,1.0,286.3,1.0,32.8,0.0,0.0,0.1,1469.2,6.8,124.4,4.6,0.0,2.4
00-0036252,Michael Pittman,755.7,2.6,65.0,0.1,0.0,1.1,634.6,2.1,58.4,0.0,0.0,1.0,277.7,0.6,30.2,0.0,0.0,0.2,1451.4,5.3,111.7,0.1,0.0,2.4
00-0038997,Josh Downs,750.6,4.4,67.2,0.0,0.0,0.2,629.9,3.8,60.1,0.0,0.0,0.0,282.7,1.4,31.1,0.0,0.0,0.0,1439.4,8.6,116.6,0.0,0.0,0.7
00-0036550,Rashod Bateman,716.3,8.0,41.9,0.1,0.0,0.2,596.3,7.0,37.6,0.0,0.0,0.0,262.9,2.9,19.1,0.0,0.0,0.0,1389.0,14.9,72.3,0.1,0.0,0.7
00-0036613,Jaylen Waddle,698.0,1.7,54.3,4.8,0.0,0.2,586.7,1.4,48.9,2.5,0.0,0.0,259.5,0.2,25.0,0.0,0.0,0.0,1332.8,3.7,93.4,13.7,0.0,0.7
00-0039919,Rome Odunze,687.7,2.6,50.8,6.1,0.0,2.2,578.4,2.2,45.8,3.4,0.0,1.9,256.0,0.6,23.1,0.0,0.0,0.7,1305.6,5.4,87.4,16.9,0.0,4.0
00-0033908,Cooper Kupp,670.8,5.2,62.2,4.0,0.0,1.1,564.5,4.5,55.9,2.0,0.0,1.0,249.2,1.8,29.1,0.0,0.0,0.2,1290.3,10.0,106.4,11.1,0.0,2.4
00-0038544,Quentin Johnston,658.4,7.1,51.3,2.3,0.0,0.2,549.8,6.1,46.1,0.9,0.0,0.0,243.4,2.6,23.5,0.0,0.0,0.0,1259.0,13.3,88.3,7.1,0.0,0.7
00-0038117,Wan'Dale Robinson,651.9,2.6,86.4,7.4,0.0,0.2,544.8,2.2,76.9,4.1,0.0,0.0,242.4,0.6,40.7,0.2,0.0,0.0,1249.2,5.4,148.0,20.0,0.0,0.7
00-0034407,Ray-Ray McCloud,643.6,0.8,57.8,34.8,0.0,3.2,537.0,0.6,51.8,21.0,0.0,2.9,236.2,0.0,26.2,4.1,0.0,1.3,1225.8,2.1,99.2,89.3,0.0,5.7
00-0035719,Deebo Samuel Sr.,624.0,2.6,47.3,59.3,0.2,0.2,517.0,2.2,42.7,35.9,0.0,0.0,231.3,0.6,21.6,7.7,0.0,0.0,1198.5,5.3,81.1,149.6,0.5,0.7
00-0038977,Tank Dell,620.6,2.6,47.6,18.2,0.0,0.2,527.5,2.2,42.4,10.6,0.0,0.0,230.5,0.6,21.7,1.9,0.0,0.0,1180.8,5.4,82.7,48.2,0.0,0.7
00-0039894,Xavier Worthy,598.4,5.3,55.1,45.2,1.1,0.2,504.5,4.5,49.3,27.2,1.1,0.0,220.4,1.8,25.4,5.8,0.4,0.0,1148.5,10.1,95.5,113.9,2.0,0.7
00-0038124,Christian Watson,584.5,1.7,26.8,9.3,0.0,1.1,491.6,1.4,23.9,5.1,0.0,1.0,216.1,0.2,12.1,0.5,0.0,0.2,1110.2,3.7,46.1,25.0,0.0,2.3
00-0038621,DeMario Douglas,580.4,2.6,61.0,6.6,0.0,1.1,484.6,2.2,54.3,3.7,0.0,1.0,218.2,0.6,28.5,0.1,0.0,0.2,1106.6,5.3,105.0,17.8,0.0,2.4
00-0030035,Adam Thielen,574.3,4.3,45.0,0.1,0.0,0.2,482.4,3.7,40.4,0.0,0.0,0.0,214.4,1.4,20.5,0.0,0.0,0.0,1096.2,8.4,77.6,0.1,0.0,0.7
00-0030564,DeAndre Hopkins,573.6,4.4,52.0,0.1,0.0,1.1,484.1,3.8,46.6,0.0,0.0,1.0,211.6,1.4,24.0,0.0,0.0,0.2,1091.2,8.4,89.3,0.1,0.0,2.4
00-0037666,Jalen Tolbert,565.8,6.2,45.6,0.1,0.0,0.2,474.3,5.4,40.7,0.0,0.0,0.0,212.6,2.2,20.8,0.0,0.0,0.0,1090.0,11.7,78.6,0.1,0.0,0.7
00-0032211,Tyler Lockett,560.8,1.7,45.8,0.1,0.0,0.2,475.5,1.4,40.9,0.0,0.0,0.0,209.9,0.2,20.9,0.0,0.0,0.0,1063.4,3.7,79.1,0.1,0.0,0.7
00-0037816,Romeo Doubs,559.4,3.5,43.0,0.1,0.0,0.2,474.6,2.9,38.6,0.0,0.0,0.0,211.6,1.0,19.7,0.0,0.0,0.0,1053.1,6.8,74.3,0.1,0.0,0.7
00-0038608,Kayshon Boutte,555.1,2.6,40.5,0.1,0.0,0.2,470.1,2.2,36.7,0.0,0.0,0.0,206.9,0.6,18.4,0.0,0.0,0.0,1061.1,5.4,70.2,0.1,0.0,0.7
00-0036988,Josh Palmer,552.8,0.8,36.5,0.1,0.0,0.2,466.4,0.6,32.4,0.0,0.0,0.0,206.5,0.0,16.7,0.0,0.0,0.0,1054.7,2.2,63.3,0.1,0.0,0.7
00-0033921,Chris Godwin,542.9,4.4,46.5,0.6,0.0,1.1,459.2,3.8,41.4,0.0,0.0,1.0,202.3,1.4,21.4,0.0,0.0,0.2,1026.9,8.5,80.8,2.3,0.0,2.4
00-0035535,Darius Slayton,539.4,1.7,36.5,7.0,0.0,0.2,451.5,1.3,32.9,3.8,0.0,0.0,198.6,0.2,16.8,0.2,0.0,0.0,1025.0,3.8,62.7,19.2,0.0,0.7
00-0036849,Tutu Atwell,523.6,0.1,39.2,2.6,0.0,0.2,440.3,0.0,35.3,1.1,0.0,0.0,195.8,0.0,17.8,0.0,0.0,0.0,1002.3,0.6,67.7,7.8,0.0,0.7
00-0039901,Keon Coleman,517.3,3.5,27.1,3.5,0.0,0.2,433.2,3.0,24.1,1.7,0.0,0.0,190.0,1.0,12.3,0.0,0.0,0.0,995.8,6.9,47.3,10.2,0.0,0.7
00-0038559,Michael Wilson,512.3,3.5,44.0,2.6,0.0,1.1,431.7,3.0,39.4,1.1,0.0,1.0,189.6,1.0,19.9,0.0,0.0,0.2,962.2,6.9,76.1,7.7,0.0,2.4
00-0037837,Calvin Austin III,510.2,3.5,33.5,0.1,0.0,0.2,429.3,3.0,30.0,0.0,0.0,0.0,191.1,1.0,15.2,0.0,0.0,0.0,976.1,6.9,58.2,0.1,0.0,0.7
00-0036980,Elijah Moore,508.6,0.8,56.8,0.3,0.0,0.2,431.9,0.6,50.9,0.0,0.0,0.0,187.2,0.0,26.2,0.0,0.0,0.0,968.3,2.2,98.0,1.2,0.0,0.7
00-0038563,Tre Tucker,505.7,2.6,44.1,19.0,0.2,0.2,426.4,2.2,39.4,11.2,0.0,0.0,185.9,0.6,20.1,1.9,0.0,0.0,960.9,5.3,76.4,49.4,0.5,0.7
00-0034521,Allen Lazard,499.5,5.3,34.4,0.1,0.0,0.2,420.6,4.5,30.8,0.0,0.0,0.0,185.0,1.8,15.8,0.0,0.0,0.0,948.4,10.0,59.7,0.1,0.0,0.7
00-0035208,Olamide Zaccheaus,472.1,2.6,41.6,3.1,0.0,0.2,397.9,2.2,37.1,1.4,0.0,0.0,178.4,0.6,19.0,0.0,0.0,0.0,896.8,5.2,72.3,9.1,0.0,0.7
00-0032775,Demarcus Robinson,470.2,6.1,29.1,0.1,0.0,0.2,395.0,5.3,26.0,0.0,0.0,0.0,173.9,2.2,13.1,0.0,0.0,0.0,901.6,11.6,50.5,0.1,0.0,0.7
00-0038976,Marvin Mims Jr.,468.9,5.3,36.6,18.1,0.0,1.1,397.5,4.6,32.8,10.7,0.0,1.0,173.4,1.8,16.6,1.7,0.0,0.1,895.1,9.9,63.4,47.8,0.0,2.4
00-0039342,Xavier Legette,468.4,3.5,46.1,10.2,0.0,0.2,396.6,3.0,41.1,5.8,0.0,0.0,175.8,1.0,21.2,0.6,0.0,0.0,887.3,6.9,80.1,27.1,0.0,0.7
00-0036182,Nick Westbrook-Ikhine,463.5,7.9,29.9,0.1,0.0,0.2,393.2,6.9,26.8,0.0,0.0,0.0,173.4,3.0,13.3,0.0,0.0,0.0,879.6,14.8,52.3,0.1,0.0,0.7
00-0031588,Stefon Diggs,461.9,2.6,43.7,3.0,0.2,0.2,389.1,2.1,39.3,1.4,0.0,0.0,170.8,0.6,20.3,0.0,0.0,0.0,879.6,5.3,75.3,8.8,0.5,0.7
00-0038619,Andrei Iosivas,447.5,5.3,33.3,0.1,0.0,0.2,379.4,4.6,29.8,0.0,0.0,0.0,168.6,1.7,15.1,0.0,0.0,0.0,840.7,10.0,57.8,0.1,0.0,0.7
00-0039424,Devaughn Vele,446.0,2.6,38.3,0.1,0.0,0.2,374.2,2.2,34.2,0.0,0.0,0.0,164.3,0.6,17.6,0.0,0.0,0.0,853.4,5.3,66.7,0.1,0.0,0.7
00-0039491,Jalen Coker,444.4,1.7,29.8,0.1,0.0,0.2,373.1,1.3,26.5,0.0,0.0,0.0,165.4,0.2,13.5,0.0,0.0,0.0,848.1,3.7,51.8,0.1,0.0,0.7
00-0039855,Jalen McMillan,431.3,7.1,34.7,18.4,0.0,0.2,362.6,6.2,31.1,10.8,0.0,0.0,161.4,2.5,15.8,1.9,0.0,0.0,821.6,13.3,60.1,47.4,0.0,0.7
00-0033591,Noah Brown,427.9,0.8,32.8,0.1,0.0,0.2,358.9,0.6,29.4,0.0,0.0,0.0,158.3,0.0,14.8,0.0,0.0,0.0,811.2,2.1,56.6,0.1,0.0,0.7
00-0037801,KaVontae Turpin,393.0,1.7,29.0,40.2,0.0,2.2,330.0,1.4,26.0,24.0,0.0,2.0,146.8,0.2,13.1,5.1,0.0,0.7,747.5,3.7,50.3,103.4,0.0,4.0
00-0037291,Jalen Nailor,389.0,5.3,26.3,0.0,0.0,0.2,328.5,4.6,23.6,0.0,0.0,0.0,143.5,1.8,11.8,0.0,0.0,0.0,739.0,10.0,45.8,0.0,0.0,0.7
00-0038393,Dontayvion Wicks,386.2,4.4,36.3,0.1,0.0,0.2,323.0,3.8,32.4,0.0,0.0,0.0,143.8,1.4,16.7,0.0,0.0,0.0,737.0,8.5,62.2,0.1,0.0,0.7
00-0034272,Marquez Valdes-Scantling,385.4,3.5,17.9,1.4,0.0,0.2,323.2,2.9,16.1,0.3,0.0,0.0,145.3,1.0,7.8,0.0,0.0,0.0,735.9,6.9,31.4,4.6,0.0,0.7
00-0037239,Chris Olave,378.7,0.8,29.9,2.6,0.0,1.1,319.0,0.6,26.6,1.2,0.0,1.0,139.0,0.0,13.7,0.0,0.0,0.2,720.5,2.1,51.7,8.0,0.0,2.3
00-0039916,Ricky Pearsall,377.0,2.6,28.9,19.7,0.0,0.2,317.9,2.2,26.0,11.6,0.0,0.0,139.2,0.6,12.9,2.0,0.0,0.0,714.5,5.4,50.1,50.8,0.0,0.7
00-0038606,Parker Washington,367.8,2.6,29.9,0.1,0.0,1.1,310.6,2.2,26.8,0.0,0.0,1.0,135.9,0.6,13.5,0.0,0.0,0.2,701.5,5.4,51.9,0.1,0.0,2.3
00-0033375,Tim Patrick,366.6,2.6,30.8,0.1,0.0,0.2,305.2,2.2,27.5,0.0,0.0,0.0,135.2,0.6,14.0,0.0,0.0,0.0,706.7,5.3,53.7,0.1,0.0,0.7
00-0034775,Christian Kirk,358.9,0.8,25.0,0.1,0.0,0.2,302.1,0.6,22.5,0.0,0.0,0.0,133.2,0.0,11.2,0.0,0.0,0.0,681.8,2.1,43.5,0.1,0.0,0.7
00-0035216,Diontae Johnson,352.9,2.6,30.8,2.3,0.0,0.2,296.0,2.1,27.6,0.9,0.0,0.0,129.6,0.6,13.9,0.0,0.0,0.0,678.4,5.3,53.6,6.9,0.0,0.7
00-0033555,Mack Hollins,352.9,4.4,28.7,0.1,0.0,0.2,295.1,3.8,25.5,0.0,0.0,0.0,131.2,1.4,13.2,0.0,0.0,0.0,671.2,8.6,50.1,0.1,0.0,0.7
00-0036261,Brandon Aiyuk,349.7,0.1,23.4,0.1,0.0,0.2,290.2,0.0,20.9,0.0,0.0,0.0,130.5,0.0,10.5,0.0,0.0,0.0,677.6,0.6,40.7,0.1,0.0,0.7
00-0033589,David Moore,326.1,2.6,29.9,0.1,0.0,0.2,275.4,2.2,26.7,0.0,0.0,0.0,121.5,0.6,13.5,0.0,0.0,0.0,618.4,5.3,51.9,0.1,0.0,0.7
00-0037545,Rashid Shaheed,325.2,2.5,18.4,12.1,0.0,0.2,275.4,2.1,16.4,6.8,0.0,0.0,120.3,0.6,8.1,0.9,0.0,0.0,617.5,5.3,32.1,31.8,0.0,0.7
00-0038979,Cedric Tillman,320.4,2.6,27.0,0.0,0.0,1.1,270.7,2.2,24.2,0.0,0.0,1.0,118.8,0.6,12.1,0.0,0.0,0.2,612.4,5.3,47.2,0.0,0.0,2.4
00-0035500,Greg Dortch,319.3,2.6,34.5,13.2,0.0,2.2,270.1,2.2,31.0,7.6,0.0,2.0,117.8,0.6,15.7,1.1,0.0,0.7,610.1,5.4,59.3,34.3,0.0,4.0
00-0032385,Sterling Shepard,313.2,0.8,29.6,30.4,0.0,0.2,265.4,0.6,26.4,18.0,0.0,0.0,116.2,0.0,13.4,3.6,0.0,0.0,594.4,2.2,51.1,77.4,0.0,0.7
00-0032951,Laquon Treadwell,300.4,1.7,24.8,71.6,0.2,1.8,253.6,1.4,22.1,42.5,0.1,1.5,110.3,0.2,11.0,9.4,0.0,0.5,570.2,3.8,43.4,182.0,0.6,3.4
00-0040130,Jayden Higgins,300.2,1.7,24.7,73.1,0.2,1.8,253.0,1.4,22.1,44.1,0.1,1.5,111.3,0.2,11.1,10.0,0.0,0.5,569.4,3.7,43.0,187.2,0.6,3.4
00-0040729,Jack Bech,300.1,1.7,24.5,73.3,0.2,1.7,253.6,1.4,21.8,44.9,0.1,1.5,112.4,0.2,11.0,9.8,0.0,0.5,572.1,3.8,42.4,186.8,0.6,3.4
00-0040667,Matthew Golden,299.9,1.7,24.8,70.1,0.2,1.8,251.7,1.4,22.0,42.5,0.1,1.6,110.5,0.2,11.0,9.5,0.0,0.5,577.2,3.8,43.3,178.4,0.6,3.4
00-0040735,Luther Burden III,299.6,1.7,24.8,71.5,0.2,1.8,252.0,1.4,22.3,43.3,0.1,1.6,109.4,0.2,11.1,9.6,0.0,0.5,570.2,3.8,42.6,182.4,0.6,3.4
00-0035527,Andy Isabella,299.3,1.7,24.7,71.1,0.2,1.7,254.0,1.4,21.8,42.0,0.1,1.5,110.3,0.2,11.1,9.4,0.0,0.5,565.3,3.8,43.3,182.0,0.6,3.4
00-0032208,Phillip Dorsett,298.7,1.7,24.7,70.7,0.2,1.8,255.3,1.4,22.0,42.9,0.1,1.6,110.4,0.2,11.0,9.4,0.0,0.5,566.2,3.8,43.0,179.5,0.6,3.4
00-0036936,Rondale Moore,297.4,1.7,24.8,71.9,0.2,1.8,249.0,1.4,22.3,43.4,0.1,1.5,112.0,0.2,11.1,9.7,0.0,0.5,562.1,3.8,43.2,183.3,0.6,3.4
00-0040129,Emeka Egbuka,297.2,1.7,24.6,72.1,0.2,1.7,250.4,1.4,22.0,43.9,0.1,1.5,111.9,0.2,11.1,9.7,0.0,0.5,567.1,3.8,42.9,182.2,0.6,3.3
00-0040727,Tre Harris,296.7,1.7,24.6,71.0,0.2,1.8,251.1,1.4,22.1,42.1,0.1,1.6,110.5,0.2,10.9,9.6,0.0,0.5,564.4,3.8,43.1,179.8,0.6,3.4
00-0036412,KJ Hamler,295.7,1.7,24.7,71.6,0.2,1.8,248.7,1.4,22.0,42.3,0.1,1.5,109.3,0.2,11.2,9.8,0.0,0.5,564.1,3.8,42.8,181.9,0.6,3.4
00-0040124,Tetairoa McMillan,295.3,1.7,24.6,72.6,0.2,1.8,250.6,1.4,22.0,43.3,0.1,1.6,110.7,0.2,11.0,9.7,0.0,0.5,557.5,3.7,43.1,187.0,0.6,3.4
00-0039890,Adonai Mitchell,292.0,0.1,21.4,2.3,0.0,2.2,246.5,0.0,19.1,0.9,0.0,2.0,108.3,0.0,9.6,0.0,0.0,0.7,553.7,0.6,37.3,7.0,0.0,4.0
00-0036626,Dyami Brown,288.8,0.8,27.8,11.0,0.0,1.1,244.4,0.6,24.7,6.2,0.0,0.9,107.1,0.0,12.5,0.7,0.0,0.2,546.8,2.2,48.7,29.2,0.0,2.4
00-0033307,Kendrick Bourne,284.6,0.8,26.2,2.3,0.0,0.2,239.3,0.5,23.3,0.9,0.0,0.0,106.0,0.0,11.8,0.0,0.0,0.0,542.1,2.1,45.7,6.8,0.0,0.7
00-0033536,Mike Williams,279.4,0.8,19.5,0.1,0.0,0.2,236.5,0.6,17.3,0.0,0.0,0.0,105.0,0.0,8.6,0.0,0.0,0.0,531.7,2.1,34.3,0.1,0.0,0.7
00-0035406,Lil'Jordan Humphrey,274.4,0.8,28.7,0.1,0.0,2.2,229.1,0.6,25.7,0.0,0.0,2.0,101.5,0.0,13.0,0.0,0.0,0.7,526.2,2.2,49.4,0.1,0.0,4.0
00-0036427,Tyler Johnson,272.8,0.9,24.0,0.1,0.0,0.2,228.5,0.6,21.4,0.0,0.0,0.0,102.7,0.0,10.7,0.0,0.0,0.0,522.6,2.2,41.7,0.1,0.0,0.7
00-0039751,Jordan Whittington,272.0,0.1,20.5,4.8,0.0,0.2,228.9,0.0,18.3,2.5,0.0,0.0,101.4,0.0,9.1,0.0,0.0,0.0,513.4,0.6,35.9,13.5,0.0,0.7
00-0034386,Justin Watson,268.6,1.7,20.6,0.1,0.0,0.2,226.3,1.4,18.5,0.0,0.0,0.0,101.0,0.2,9.1,0.0,0.0,0.0,510.4,3.7,35.7,0.1,0.0,0.7
00-0039067,Rashee Rice,268.5,1.7,22.2,0.3,0.0,0.2,226.2,1.4,20.0,0.0,0.0,0.0,100.0,0.2,9.9,0.0,0.0,0.0,511.8,3.7,38.8,1.3,0.0,0.7
00-0036415,Van Jefferson,258.2,1.7,22.4,0.1,0.0,0.2,216.8,1.4,20.0,0.0,0.0,0.0,95.2,0.2,10.0,0.0,0.0,0.0,491.4,3.7,38.9,0.1,0.0,0.7
00-0039868,Troy Franklin,246.0,1.7,26.2,3.1,0.0,0.2,208.3,1.4,23.4,1.4,0.0,0.0,91.7,0.2,11.9,0.0,0.0,0.0,471.6,3.7,45.3,9.1,0.0,0.7
00-0031236,Brandin Cooks,243.4,2.5,24.1,0.0,0.0,0.2,203.2,2.1,21.5,0.0,0.0,0.0,89.6,0.6,10.7,0.0,0.0,0.0,468.8,5.2,42.2,0.0,0.0,0.7
00-0037614,John Metchie III,238.2,0.8,22.4,0.1,0.0,1.1,198.9,0.6,20.1,0.0,0.0,1.0,88.0,0.0,10.0,0.0,0.0,0.2,456.0,2.2,38.9,0.1,0.0,2.3
00-0033282,Curtis Samuel,236.4,0.8,29.1,5.7,0.0,0.2,198.7,0.6,26.0,3.2,0.0,0.0,87.6,0.0,13.2,0.0,0.0,0.0,448.1,2.2,50.2,15.9,0.0,0.7
00-0033857,JuJu Smith-Schuster,217.0,1.7,16.7,0.1,0.0,0.2,181.9,1.4,14.8,0.0,0.0,0.0,79.6,0.2,7.4,0.0,0.0,0.0,416.1,3.7,29.3,0.1,0.0,0.7
00-0039880,Malik Washington,207.6,0.1,24.1,10.7,0.2,0.2,175.2,0.0,21.6,6.1,0.0,0.0,76.8,0.0,10.7,0.7,0.0,0.0,394.9,0.6,41.6,28.8,0.5,0.7
00-0037741,Jahan Dotson,202.9,0.1,17.8,5.2,0.0,0.2,171.0,0.0,15.9,2.7,0.0,0.0,75.1,0.0,7.8,0.0,0.0,0.0,390.2,0.6,31.0,14.5,0.0,0.7
00-0032464,Kalif Raymond,200.4,1.7,16.0,0.1,0.0,0.2,169.6,1.3,14.3,0.0,0.0,0.0,74.1,0.2,7.0,0.0,0.0,0.0,380.6,3.7,28.0,0.1,0.0,0.7
00-0034418,Cedrick Wilson Jr.,196.0,0.8,18.6,0.1,0.0,0.2,164.8,0.6,16.6,0.0,0.0,0.0,72.9,0.0,8.2,0.0,0.0,0.0,372.6,2.2,32.4,0.1,0.0,0.7
00-0030431,Robert Woods,189.2,0.1,18.8,0.1,0.0,3.2,157.3,0.0,16.8,0.0,0.0,2.9,70.5,0.0,8.2,0.0,0.0,1.3,364.4,0.6,32.5,0.1,0.0,5.7
00-0033943,Josh Reynolds,184.1,0.8,12.0,0.1,0.0,0.2,155.5,0.6,10.7,0.0,0.0,0.0,67.6,0.0,5.1,0.0,0.0,0.0,352.4,2.2,21.2,0.1,0.0,0.7
00-0036630,Tylan Wallace,183.1,0.8,10.3,0.1,0.0,0.2,153.9,0.6,9.1,0.0,0.0,0.0,67.4,0.0,4.3,0.0,0.0,0.0,348.1,2.2,18.5,0.1,0.0,0.7
00-0038640,Jalen Brooks,166.1,0.8,11.1,0.1,0.0,0.2,139.8,0.6,9.9,0.0,0.0,0.0,61.1,0.0,4.7,0.0,0.0,0.0,315.8,2.2,19.8,0.2,0.0,0.7
00-0039052,Trey Palmer,160.8,0.8,11.1,0.1,0.0,0.2,136.8,0.6,9.9,0.0,0.0,0.0,59.1,0.0,4.7,0.0,0.0,0.0,304.9,2.2,19.8,0.2,0.0,0.7
00-0039355,Luke McCaffrey,158.1,0.1,16.8,0.1,0.0,0.2,133.7,0.0,15.0,0.0,0.0,0.0,58.4,0.0,7.3,0.0,0.0,0.0,303.3,0.6,29.1,0.1,0.0,0.7
00-0039062,Jonathan Mingo,155.4,0.1,15.8,1.9,0.0,1.1,131.0,0.0,14.0,0.7,0.0,1.0,58.2,0.0,6.9,0.0,0.0,0.1,293.9,0.6,27.8,5.9,0.0,2.4
00-0032398,Chris Moore,152.7,0.9,13.5,39.2,0.0,0.6,128.2,0.6,12.0,23.2,0.0,0.5,55.5,0.0,5.9,4.9,0.0,0.0,292.8,2.2,24.1,100.0,0.2,1.6
00-0037828,Danny Gray,152.0,0.9,13.6,38.3,0.0,0.6,128.0,0.6,12.2,22.2,0.0,0.5,55.8,0.0,5.9,4.7,0.0,0.0,289.7,2.3,24.1,99.8,0.2,1.6
00-0036627,Dez Fitzpatrick,151.8,0.9,13.6,38.6,0.0,0.6,127.2,0.6,12.2,22.6,0.0,0.5,56.0,0.0,5.8,4.8,0.0,0.0,289.8,2.2,23.9,98.5,0.2,1.6
00-0038590,Justin Shorter,151.7,0.9,13.6,39.0,0.0,0.7,127.7,0.6,12.0,23.4,0.0,0.5,55.1,0.0,5.8,4.7,0.0,0.0,286.2,2.2,24.2,100.5,0.2,1.6
00-0040581,Dont'e Thornton Jr.,151.7,0.8,13.5,39.2,0.0,0.6,127.7,0.6,12.2,23.6,0.0,0.5,56.8,0.0,5.7,4.9,0.0,0.0,286.2,2.2,23.7,100.9,0.2,1.6
00-0040172,Jordan Watkins,151.3,0.9,13.5,39.0,0.0,0.6,126.3,0.6,12.1,22.9,0.0,0.5,55.8,0.0,5.9,4.8,0.0,0.0,292.7,2.2,23.5,100.6,0.2,1.6
00-0036918,Jacob Harris,151.2,0.8,13.6,38.8,0.0,0.6,127.6,0.6,12.0,23.1,0.0,0.5,55.5,0.0,5.9,4.8,0.0,0.0,290.1,2.2,23.9,98.8,0.2,1.6
00-0039739,Roman Wilson,151.2,0.9,13.6,39.3,0.0,0.6,127.0,0.6,12.1,23.7,0.0,0.5,56.0,0.0,6.0,4.8,0.0,0.0,284.1,2.3,23.9,99.6,0.2,1.6
00-0040646,Jalen Royals,151.1,0.9,13.5,38.7,0.0,0.6,127.2,0.6,12.0,23.0,0.0,0.5,55.6,0.0,5.8,4.8,0.0,0.0,289.2,2.2,24.0,98.5,0.2,1.6
00-0040705,Chimere Dike,151.0,0.8,13.5,38.2,0.0,0.6,126.9,0.6,12.1,22.9,0.0,0.5,55.6,0.0,5.9,4.6,0.0,0.0,288.3,2.2,23.8,97.3,0.2,1.6
00-0040134,Pat Bryant,150.9,0.8,13.5,38.6,0.0,0.6,126.7,0.6,12.0,22.9,0.0,0.5,55.2,0.0,5.9,4.8,0.0,0.0,289.0,2.2,23.4,98.8,0.2,1.6
00-0040154,Tai Felton,150.8,0.9,13.6,38.3,0.0,0.6,126.1,0.6,12.1,22.7,0.0,0.5,55.0,0.0,5.8,4.8,0.0,0.0,289.6,2.2,24.0,98.9,0.2,1.6
00-0034983,Hunter Renfrow,150.7,0.8,13.6,39.0,0.0,0.6,126.7,0.6,12.1,23.6,0.0,0.5,55.3,0.0,5.8,4.9,0.0,0.0,290.5,2.2,23.9,98.5,0.2,1.6
00-0040184,KeAndre Lambert-Smith,150.7,0.8,13.6,39.5,0.0,0.6,127.2,0.6,12.1,23.4,0.0,0.5,55.5,0.0,5.9,4.8,0.0,0.0,285.7,2.2,23.9,103.0,0.2,1.6
00-0040170,Elic Ayomanor,150.6,0.8,13.6,39.5,0.0,0.6,126.0,0.6,12.2,23.9,0.0,0.5,55.0,0.0,5.9,5.0,0.0,0.0,289.2,2.2,23.8,99.5,0.2,1.6
00-0040582,Arian Smith,150.5,0.9,13.5,39.1,0.0,0.6,127.1,0.6,12.0,23.4,0.0,0.5,56.0,0.0,5.9,4.9,0.0,0.0,287.3,2.2,23.6,98.7,0.2,1.5
00-0036950,Avery Williams,150.5,0.8,13.5,39.3,0.0,0.6,127.1,0.6,11.9,23.2,0.0,0.5,55.6,0.0,5.9,5.0,0.0,0.0,287.1,2.2,23.7,99.4,0.2,1.6
00-0035703,Miles Boykin,150.4,0.8,13.5,39.4,0.0,0.6,127.0,0.6,12.1,24.0,0.0,0.5,55.1,0.0,5.8,4.9,0.0,0.0,286.0,2.2,23.7,100.9,0.2,1.6
00-0040648,Tory Horton,150.4,0.9,13.5,39.1,0.0,0.6,126.7,0.6,12.0,23.5,0.0,0.5,56.1,0.0,5.7,4.8,0.0,0.0,284.2,2.2,24.0,100.2,0.2,1.5
00-0037272,Montrell Washington,150.4,0.8,13.5,39.0,0.0,0.7,126.9,0.6,12.1,23.2,0.0,0.5,55.5,0.0,5.8,5.0,0.0,0.0,286.2,2.2,23.9,99.8,0.2,1.6
00-0033572,Jamal Agnew,150.2,0.8,13.5,39.9,0.0,0.6,126.2,0.6,11.9,23.9,0.0,0.5,55.6,0.0,5.8,4.8,0.0,0.0,287.9,2.2,23.9,101.7,0.2,1.6
00-0037273,Kyle Philips,150.1,0.9,13.4,39.1,0.0,0.6,125.9,0.6,11.9,23.2,0.0,0.5,55.5,0.0,5.9,4.9,0.0,0.0,285.6,2.2,23.7,100.1,0.2,1.6
00-0040009,Savion Williams,150.1,0.9,13.6,39.1,0.0,0.6,127.1,0.6,12.0,23.1,0.0,0.5,55.4,0.0,5.8,4.8,0.0,0.0,285.6,2.2,24.1,99.6,0.2,1.6
00-0040138,Jaylin Noel,150.0,0.9,13.4,38.6,0.0,0.6,127.5,0.6,11.8,22.7,0.0,0.5,55.6,0.0,5.8,4.8,0.0,0.0,285.1,2.2,23.6,99.0,0.2,1.6
00-0040164,Jaylin Lane,150.0,0.9,13.5,38.1,0.0,0.6,126.5,0.6,11.9,22.8,0.0,0.5,55.3,0.0,5.8,4.8,0.0,0.0,284.6,2.2,24.0,95.6,0.2,1.6
00-0034764,Michael Gallup,149.8,0.9,13.5,38.7,0.0,0.6,126.8,0.6,12.0,23.0,0.0,0.5,54.0,0.0,5.8,4.8,0.0,0.0,285.4,2.2,23.8,99.0,0.2,1.5
00-0040131,Kyle Williams,149.6,0.8,13.5,39.6,0.0,0.6,125.2,0.6,12.1,23.7,0.0,0.5,55.6,0.0,5.8,4.9,0.0,0.0,284.5,2.2,23.7,101.7,0.2,1.6
00-0040669,Isaac TeSlaa,149.3,0.8,13.5,38.2,0.0,0.6,125.9,0.6,12.0,22.7,0.0,0.5,55.7,0.0,5.8,4.8,0.0,0.0,284.6,2.1,23.9,98.1,0.2,1.5
00-0037231,Kevin Austin Jr.,139.9,0.1,10.2,3.4,0.0,1.1,117.3,0.0,9.0,1.6,0.0,1.0,50.7,0.0,4.3,0.0,0.0,0.1,266.0,0.6,18.3,9.8,0.0,2.4
00-0034854,KhaDarel Hodge,123.5,0.8,6.5,0.1,0.0,0.2,104.5,0.6,5.7,0.0,0.0,0.0,45.4,0.0,2.5,0.0,0.0,0.0,239.3,2.2,11.9,0.1,0.0,0.7
00-0038824,Ryan Miller,119.1,1.7,11.1,0.1,0.0,0.2,99.6,1.4,9.8,0.0,0.0,0.0,44.5,0.2,4.7,0.0,0.0,0.0,228.4,3.8,20.0,0.1,0.0,0.7
00-0038821,Rakim Jarrett,115.8,0.1,8.3,0.1,0.0,0.2,97.7,0.0,7.3,0.0,0.0,0.0,42.5,0.0,3.4,0.0,0.0,0.0,220.2,0.6,14.9,0.1,0.0,0.7
00-0034860,Dante Pettis,112.4,0.8,11.1,0.1,0.0,0.2,93.5,0.6,9.9,0.0,0.0,0.0,40.7,0.0,4.7,0.0,0.0,0.0,218.5,2.1,19.7,0.1,0.0,0.7
00-0039386,Bub Means,111.5,0.8,8.3,0.1,0.0,0.2,94.3,0.6,7.4,0.0,0.0,0.0,41.3,0.0,3.4,0.0,0.0,0.0,212.6,2.2,14.9,0.1,0.0,0.7
00-0038618,Xavier Hutchinson,108.9,0.1,11.1,0.1,0.0,0.2,91.2,0.0,9.8,0.0,0.0,0.0,40.2,0.0,4.7,0.0,0.0,0.0,207.2,0.6,19.7,0.1,0.0,0.7
00-0038573,Derius Davis,104.4,1.7,12.1,16.9,0.0,0.2,87.7,1.4,10.7,9.7,0.0,0.0,38.7,0.2,5.2,1.6,0.0,0.0,199.7,3.8,21.6,44.8,0.0,0.7
00-0038752,Jake Bobo,100.4,0.8,12.0,0.1,0.0,0.2,83.5,0.6,10.6,0.0,0.0,0.0,36.5,0.0,5.1,0.0,0.0,0.0,192.9,2.1,21.4,0.1,0.0,0.7
00-0039810,Jermaine Burton,99.6,0.1,3.7,0.1,0.0,0.2,84.2,0.0,3.2,0.0,0.0,0.0,36.9,0.0,1.2,0.0,0.0,0.0,188.8,0.6,7.0,0.1,0.0,0.7
00-0036646,Simi Fehoko,99.5,0.1,5.5,0.1,0.0,0.2,82.5,0.0,4.8,0.0,0.0,0.0,36.4,0.0,2.0,0.0,0.0,0.0,194.1,0.6,10.3,0.1,0.0,0.7
00-0039410,Ryan Flournoy,95.6,0.1,9.3,0.1,0.0,1.1,80.9,0.0,8.2,0.0,0.0,1.0,35.5,0.0,3.9,0.0,0.0,0.2,181.8,0.6,16.7,0.1,0.0,2.4
00-0036387,Jalen Reagor,93.6,0.1,6.5,0.0,0.0,1.1,78.9,0.0,5.7,0.0,0.0,1.0,34.3,0.0,2.5,0.0,0.0,0.2,178.2,0.6,11.8,0.0,0.0,2.4
00-0039623,Mason Tipton,92.1,0.1,13.1,0.1,0.0,0.2,77.2,0.0,11.6,0.0,0.0,0.0,33.7,0.0,5.5,0.0,0.0,0.0,177.4,0.6,22.8,0.1,0.0,0.7
00-0038465,Malik Heath,90.4,1.7,9.2,0.1,0.0,0.2,76.2,1.4,8.1,0.0,0.0,0.0,33.0,0.2,3.8,0.0,0.0,0.0,173.7,3.7,16.5,0.1,0.0,0.7
00-0039650,Bryce Oliver,88.6,0.1,5.5,0.1,0.0,0.2,74.5,0.0,4.8,0.0,0.0,0.0,32.5,0.0,2.1,0.0,0.0,0.0,169.7,0.6,10.2,0.1,0.0,0.7
00-0037091,Bo Melton,84.7,0.1,7.4,23.7,0.0,0.2,71.0,0.0,6.5,14.1,0.0,0.0,30.5,0.0,2.9,2.6,0.0,0.0,163.7,0.6,13.4,61.5,0.0,0.7
00-0035662,Marquise Brown,84.7,0.1,8.3,0.1,0.0,0.2,71.8,0.0,7.4,0.0,0.0,0.0,30.7,0.0,3.3,0.0,0.0,0.0,162.3,0.6,15.1,0.1,0.0,0.7
00-0035140,Mecole Hardman,83.6,0.1,11.1,26.7,0.2,0.2,70.7,0.0,9.9,15.7,0.0,0.0,31.0,0.0,4.7,3.1,0.0,0.0,159.2,0.6,19.9,69.0,0.5,0.7
00-0039907,Ja'Lynn Polk,82.2,1.7,11.2,0.1,0.0,0.2,69.1,1.4,9.9,0.0,0.0,0.0,29.8,0.2,4.7,0.0,0.0,0.0,158.3,3.8,19.8,0.1,0.0,0.7
00-0033891,Zay Jones,78.5,0.1,7.4,0.1,0.0,0.2,65.2,0.0,6.5,0.0,0.0,0.0,28.9,0.0,2.9,0.0,0.0,0.0,150.8,0.6,13.3,0.1,0.0,0.7
00-0034487,Trent Sherfield,77.7,0.8,7.5,0.1,0.0,0.2,65.0,0.6,6.5,0.0,0.0,0.0,28.3,0.0,3.0,0.0,0.0,0.0,149.8,2.2,13.5,0.1,0.0,0.7
00-0039365,Jacob Cowing,74.6,0.1,3.7,2.6,0.0,0.2,62.7,0.0,3.2,1.2,0.0,0.0,27.1,0.0,1.2,0.0,0.0,0.0,142.7,0.6,7.1,8.0,0.0,0.7
00-0036331,Devin Duvernay,74.2,0.1,10.1,1.0,0.0,0.2,62.3,0.0,9.0,0.1,0.0,0.0,27.2,0.0,4.2,0.0,0.0,0.0,142.1,0.6,18.1,3.5,0.0,0.7
00-0040558,Isaiah Neyor,68.6,0.4,6.1,15.5,0.0,0.4,57.9,0.1,5.4,8.9,0.0,0.3,24.7,0.0,2.4,1.5,0.0,0.0,131.5,1.3,11.1,41.1,0.0,1.1
00-0040075,LaJohntay Wester,68.5,0.4,6.2,15.9,0.0,0.4,57.0,0.1,5.4,9.3,0.0,0.3,24.7,0.0,2.4,1.5,0.0,0.0,132.6,1.3,11.3,41.5,0.0,1.2
00-0040220,Tommy Mellott,68.5,0.4,6.1,15.8,0.0,0.4,57.8,0.1,5.4,9.2,0.0,0.3,24.7,0.0,2.3,1.5,0.0,0.0,130.8,1.2,11.4,40.9,0.0,1.1
00-0040247,Junior Bergen,68.5,0.4,6.2,15.5,0.0,0.4,57.5,0.1,5.5,9.0,0.0,0.2,24.7,0.0,2.4,1.4,0.0,0.0,131.5,1.2,11.3,40.8,0.0,1.1
00-0037355,Braylon Sanders,68.4,0.4,6.2,15.8,0.0,0.4,57.1,0.1,5.5,9.1,0.0,0.3,24.9,0.0,2.4,1.4,0.0,0.0,131.4,1.3,11.2,41.1,0.0,1.1
00-0036233,Donovan Peoples-Jones,68.4,0.4,6.2,15.9,0.0,0.4,58.5,0.1,5.4,9.5,0.0,0.3,24.7,0.0,2.4,1.4,0.0,0.0,129.5,1.3,11.2,41.2,0.0,1.1
00-0038839,Mitchell Tinsley,68.4,0.4,6.1,15.8,0.0,0.4,58.0,0.1,5.4,9.4,0.0,0.3,24.6,0.0,2.4,1.4,0.0,0.0,129.5,1.2,11.2,41.2,0.0,1.2
00-0035480,Malik Taylor,68.4,0.4,6.1,15.5,0.0,0.4,57.6,0.1,5.4,9.1,0.0,0.3,24.9,0.0,2.3,1.5,0.0,0.0,130.3,1.3,11.2,40.4,0.0,1.1
00-0040653,Ricky White III,68.4,0.4,6.2,15.6,0.0,0.4,57.5,0.1,5.4,9.1,0.0,0.3,24.9,0.0,2.4,1.4,0.0,0.0,131.3,1.3,11.3,40.5,0.0,1.1
00-0039259,Dayton Wade,68.4,0.4,6.2,15.7,0.0,0.4,57.2,0.1,5.4,9.1,0.0,0.3,24.5,0.0,2.4,1.4,0.0,0.0,132.2,1.3,11.3,41.1,0.0,1.2
00-0037460,Johnny Johnson III,68.4,0.4,6.2,15.5,0.0,0.4,57.6,0.1,5.5,8.9,0.0,0.3,24.5,0.0,2.4,1.4,0.0,0.0,131.2,1.3,11.3,40.6,0.0,1.1
00-0039626,Cole Burgess,68.3,0.4,6.2,15.8,0.0,0.4,57.5,0.1,5.5,9.1,0.0,0.3,25.1,0.0,2.4,1.4,0.0,0.0,130.3,1.2,11.2,41.8,0.0,1.1
00-0037380,Kaden Davis,68.3,0.4,6.1,15.6,0.0,0.4,58.0,0.1,5.4,9.0,0.0,0.3,24.8,0.0,2.4,1.4,0.0,0.0,131.5,1.2,11.2,40.9,0.0,1.1
00-0035645,Gunner Olszewski,68.3,0.4,6.2,15.9,0.0,0.4,57.5,0.1,5.5,9.1,0.0,0.3,24.4,0.0,2.4,1.4,0.0,0.0,130.0,1.2,11.3,42.8,0.0,1.1
00-0039552,Joshua Cephus,68.3,0.4,6.2,15.8,0.0,0.4,57.4,0.1,5.4,9.0,0.0,0.3,24.7,0.0,2.4,1.5,0.0,0.0,132.1,1.3,11.3,41.6,0.0,1.2
00-0040590,Konata Mumpfield,68.3,0.4,6.2,15.7,0.0,0.4,57.0,0.1,5.4,8.9,0.0,0.2,24.6,0.0,2.4,1.4,0.0,0.0,131.7,1.3,11.2,41.0,0.0,1.1
00-0034411,Russell Gage,68.3,0.4,6.2,15.7,0.0,0.4,57.5,0.1,5.5,9.3,0.0,0.3,24.5,0.0,2.3,1.4,0.0,0.0,131.0,1.3,11.4,40.7,0.0,1.2
00-0039437,Cornelius Johnson,68.2,0.4,6.2,15.9,0.0,0.4,56.9,0.1,5.5,8.9,0.0,0.3,24.9,0.0,2.4,1.5,0.0,0.0,130.9,1.3,11.2,42.4,0.0,1.1
00-0038762,Matt Landers,68.2,0.4,6.2,15.7,0.0,0.4,57.2,0.1,5.4,9.3,0.0,0.3,24.6,0.0,2.4,1.5,0.0,0.0,130.7,1.3,11.3,41.1,0.0,1.2
00-0034317,Keith Kirkwood,68.2,0.4,6.2,15.5,0.0,0.4,56.9,0.1,5.5,9.1,0.0,0.2,24.9,0.0,2.4,1.4,0.0,0.0,130.7,1.3,11.2,40.6,0.0,1.2
00-0040323,Chandler Brayboy,68.2,0.4,6.2,15.7,0.0,0.4,56.9,0.1,5.4,9.0,0.0,0.3,24.6,0.0,2.4,1.4,0.0,0.0,132.5,1.3,11.4,41.3,0.0,1.2
00-0039473,Xavier Johnson,68.2,0.4,6.1,15.6,0.0,0.4,57.3,0.1,5.4,9.0,0.0,0.3,24.6,0.0,2.3,1.4,0.0,0.0,130.7,1.2,11.2,40.9,0.0,1.1
00-0037098,Samori Toure,68.1,0.4,6.2,15.7,0.0,0.4,57.4,0.1,5.5,9.1,0.0,0.3,24.5,0.0,2.4,1.4,0.0,0.0,131.7,1.3,11.3,41.3,0.0,1.1
00-0039397,Tejhaun Palmer,68.1,0.4,6.2,15.6,0.0,0.4,57.1,0.1,5.4,9.0,0.0,0.2,24.8,0.0,2.3,1.5,0.0,0.0,131.2,1.3,11.4,41.1,0.0,1.1
00-0040551,Nick Nash,68.1,0.4,6.2,15.6,0.0,0.4,56.8,0.1,5.4,8.9,0.0,0.3,24.7,0.0,2.4,1.4,0.0,0.0,132.9,1.3,11.2,41.3,0.0,1.2
00-0036959,Michael Bandy,68.0,0.4,6.2,16.1,0.0,0.4,57.2,0.1,5.4,9.4,0.0,0.3,24.9,0.0,2.4,1.5,0.0,0.0,129.8,1.3,11.2,41.8,0.0,1.1
00-0038492,Jason Brownlee,68.0,0.4,6.2,15.9,0.0,0.4,57.2,0.1,5.4,9.3,0.0,0.3,24.7,0.0,2.4,1.5,0.0,0.0,130.3,1.3,11.2,41.8,0.0,1.1
00-0035359,David Sills,68.0,0.4,6.2,16.0,0.0,0.4,57.1,0.1,5.4,9.4,0.0,0.3,24.9,0.0,2.4,1.5,0.0,0.0,130.9,1.3,11.3,42.0,0.0,1.2
00-0040522,Xavier Restrepo,68.0,0.4,6.2,15.6,0.0,0.4,57.4,0.1,5.4,8.9,0.0,0.3,24.7,0.0,2.4,1.4,0.0,0.0,130.3,1.3,11.3,41.2,0.0,1.2
00-0036657,Seth Williams,68.0,0.4,6.2,15.5,0.0,0.4,56.7,0.1,5.4,9.0,0.0,0.2,24.5,0.0,2.4,1.4,0.0,0.0,130.5,1.2,11.4,40.5,0.0,1.1
00-0033251,Zach Pascal,67.9,0.4,6.1,15.7,0.0,0.4,57.4,0.1,5.4,9.3,0.0,0.3,24.7,0.0,2.4,1.4,0.0,0.0,131.3,1.3,11.2,40.7,0.0,1.1
00-0038612,A.T. Perry,67.9,0.4,6.2,15.8,0.0,0.4,56.6,0.1,5.4,9.0,0.0,0.2,24.7,0.0,2.4,1.5,0.0,0.0,130.5,1.2,11.3,41.6,0.0,1.1
00-0038651,Chase Cota,67.9,0.4,6.1,15.8,0.0,0.4,57.7,0.1,5.4,9.0,0.0,0.2,24.9,0.0,2.3,1.4,0.0,0.0,129.5,1.2,11.2,42.3,0.0,1.1
00-0036491,Tarik Black,67.9,0.4,6.2,15.6,0.0,0.4,57.0,0.1,5.4,9.1,0.0,0.2,24.5,0.0,2.4,1.5,0.0,0.0,129.4,1.3,11.3,40.7,0.0,1.1
00-0035876,Andre Baccellia,67.8,0.4,6.1,15.7,0.0,0.4,56.7,0.1,5.4,9.1,0.0,0.3,24.6,0.0,2.3,1.5,0.0,0.0,130.9,1.3,11.2,41.3,0.0,1.1
00-0039664,Jaylen Johnson,67.8,0.4,6.2,16.0,0.0,0.4,57.1,0.1,5.5,9.1,0.0,0.2,24.5,0.0,2.4,1.4,0.0,0.0,130.6,1.2,11.3,42.7,0.0,1.1
00-0036271,Quez Watkins,67.8,0.4,6.2,15.7,0.0,0.4,57.2,0.1,5.4,9.2,0.0,0.3,24.5,0.0,2.4,1.4,0.0,0.0,131.4,1.3,11.2,41.1,0.0,1.2
00-0040311,Theo Wease Jr.,67.8,0.4,6.1,15.6,0.0,0.4,57.4,0.1,5.4,9.1,0.0,0.3,24.9,0.0,2.4,1.5,0.0,0.0,129.1,1.2,11.1,40.5,0.0,1.2
00-0038181,Lucky Jackson,67.8,0.4,6.2,15.5,0.0,0.4,57.0,0.1,5.5,9.1,0.0,0.3,24.7,0.0,2.4,1.4,0.0,0.0,129.6,1.3,11.1,40.2,0.0,1.1
00-0037055,Lance McCutcheon,67.8,0.4,6.2,15.7,0.0,0.4,56.9,0.1,5.4,9.1,0.0,0.2,24.4,0.0,2.4,1.4,0.0,0.0,129.7,1.3,11.2,40.8,0.0,1.1
00-0038953,Dylan Drummond,67.8,0.4,6.2,15.8,0.0,0.4,57.1,0.1,5.5,9.1,0.0,0.3,24.5,0.0,2.4,1.4,0.0,0.0,130.6,1.3,11.3,41.4,0.0,1.2
00-0034406,Deon Cain,67.8,0.4,6.2,15.3,0.0,0.4,57.2,0.1,5.5,8.8,0.0,0.3,24.9,0.0,2.4,1.5,0.0,0.0,130.2,1.2,11.2,40.4,0.0,1.1
00-0040218,Jimmy Horn Jr.,67.8,0.4,6.2,15.6,0.0,0.4,56.7,0.1,5.4,8.9,0.0,0.3,24.7,0.0,2.4,1.5,0.0,0.0,130.1,1.3,11.2,41.1,0.0,1.1
00-0039415,Brenden Rice,67.8,0.4,6.1,15.8,0.0,0.4,57.0,0.1,5.4,9.3,0.0,0.3,24.7,0.0,2.3,1.5,0.0,0.0,129.6,1.3,11.2,41.3,0.0,1.1
00-0038740,Jalen Cropper,67.7,0.4,6.2,15.6,0.0,0.4,57.0,0.1,5.4,9.0,0.0,0.3,24.6,0.0,2.4,1.4,0.0,0.0,128.0,1.3,11.3,40.7,0.0,1.1
00-0037570,Dennis Houston,67.7,0.4,6.1,15.3,0.0,0.4,56.8,0.1,5.3,8.8,0.0,0.3,24.8,0.0,2.3,1.4,0.0,0.0,129.6,1.3,11.1,40.4,0.0,1.2
00-0038891,Shedrick Jackson,67.7,0.4,6.2,15.5,0.0,0.4,56.8,0.1,5.4,9.0,0.0,0.3,24.6,0.0,2.3,1.4,0.0,0.0,130.0,1.3,11.3,40.8,0.0,1.1
00-0040237,Tez Johnson,67.7,0.4,6.2,15.8,0.0,0.4,57.1,0.1,5.4,9.3,0.0,0.3,25.1,0.0,2.4,1.5,0.0,0.0,129.4,1.2,11.3,41.6,0.0,1.1
00-0040563,Efton Chism III,67.7,0.4,6.2,16.0,0.0,0.4,56.6,0.1,5.4,9.4,0.0,0.3,24.6,0.0,2.4,1.5,0.0,0.0,130.5,1.2,11.3,42.1,0.0,1.1
00-0040241,Dominic Lovett,67.7,0.4,6.2,15.7,0.0,0.4,56.9,0.1,5.4,9.2,0.0,0.2,24.5,0.0,2.4,1.5,0.0,0.0,129.6,1.3,11.2,40.9,0.0,1.2
00-0036775,Brandon Smith,67.7,0.4,6.1,15.7,0.0,0.4,56.8,0.1,5.4,9.1,0.0,0.3,24.0,0.0,2.4,1.4,0.0,0.0,130.0,1.2,11.2,41.2,0.0,1.2
00-0031763,DeAndre Carter,67.7,0.1,8.4,0.1,0.0,0.2,57.3,0.0,7.4,0.0,0.0,0.0,24.8,0.0,3.4,0.0,0.0,0.0,129.2,0.6,15.1,0.1,0.0,0.7
00-0039773,Drake Stoops,67.6,0.4,6.2,15.7,0.0,0.4,56.8,0.1,5.4,9.1,0.0,0.3,24.5,0.0,2.4,1.5,0.0,0.0,130.2,1.2,11.2,41.1,0.0,1.1
00-0037708,Maurice Alexander,67.6,0.4,6.2,15.6,0.0,0.4,56.9,0.1,5.5,9.2,0.0,0.3,24.6,0.0,2.4,1.5,0.0,0.0,130.2,1.3,11.2,40.2,0.0,1.1
00-0039884,Tahj Washington,67.5,0.4,6.2,15.9,0.0,0.4,57.1,0.1,5.5,9.4,0.0,0.3,24.4,0.0,2.4,1.5,0.0,0.0,129.0,1.3,11.4,41.3,0.0,1.1
00-0040239,Kaden Prather,67.5,0.4,6.1,15.7,0.0,0.4,56.9,0.1,5.4,9.1,0.0,0.3,24.4,0.0,2.4,1.4,0.0,0.0,128.7,1.3,11.2,41.6,0.0,1.2
00-0038911,Malik Cunningham,67.5,0.4,6.1,15.6,0.0,0.4,56.7,0.1,5.4,9.2,0.0,0.3,24.6,0.0,2.3,1.5,0.0,0.0,128.6,1.3,11.3,40.3,0.0,1.2
00-0035045,D.J. Montgomery,67.5,0.4,6.2,15.8,0.0,0.4,56.7,0.1,5.4,9.1,0.0,0.3,24.6,0.0,2.4,1.4,0.0,0.0,130.4,1.3,11.4,41.9,0.0,1.1
00-0040315,Ja'Corey Brooks,67.4,0.4,6.1,15.8,0.0,0.4,56.8,0.1,5.4,8.9,0.0,0.3,24.9,0.0,2.3,1.5,0.0,0.0,129.3,1.2,11.2,42.1,0.0,1.1
00-0038728,Jared Wayne,67.4,0.4,6.2,15.8,0.0,0.4,56.5,0.1,5.5,9.2,0.0,0.3,24.5,0.0,2.4,1.4,0.0,0.0,128.4,1.3,11.4,41.7,0.0,1.2
00-0036219,Marquez Callaway,67.3,0.4,6.2,15.5,0.0,0.4,55.9,0.1,5.4,8.9,0.0,0.3,24.4,0.0,2.4,1.4,0.0,0.0,129.8,1.3,11.5,40.1,0.0,1.1
00-0035934,Trishton Jackson,67.3,0.4,6.1,16.0,0.0,0.4,56.4,0.1,5.4,9.2,0.0,0.3,24.9,0.0,2.4,1.5,0.0,0.0,128.3,1.3,11.2,42.3,0.0,1.2
00-0039701,Terique Owens,67.2,0.4,6.2,15.8,0.0,0.4,56.3,0.1,5.5,9.3,0.0,0.3,24.6,0.0,2.4,1.5,0.0,0.0,128.8,1.3,11.3,40.7,0.0,1.1
00-0038667,Elijah Cooks,67.2,0.4,6.2,15.9,0.0,0.4,55.9,0.1,5.4,9.4,0.0,0.3,24.4,0.0,2.4,1.4,0.0,0.0,128.9,1.3,11.2,41.0,0.0,1.1
00-0037387,Jalen Virgil,67.2,0.4,6.1,15.7,0.0,0.4,56.8,0.1,5.4,9.4,0.0,0.3,24.8,0.0,2.4,1.4,0.0,0.0,128.6,1.3,11.2,40.4,0.0,1.2
00-0036482,Mike Strachan,66.5,0.4,6.1,15.9,0.0,0.4,55.9,0.1,5.4,9.2,0.0,0.3,24.2,0.0,2.4,1.4,0.0,0.0,127.3,1.2,11.3,42.4,0.0,1.1
00-0038679,Tyrell Shavers,65.0,0.8,0.9,0.1,0.0,0.2,54.8,0.6,0.7,0.0,0.0,0.0,23.8,0.0,0.0,0.0,0.0,0.0,124.6,2.2,2.2,0.1,0.0,0.7
00-0035298,Scott Miller,64.7,0.1,4.6,0.1,0.0,0.2,54.0,0.0,4.0,0.0,0.0,0.0,23.4,0.0,1.6,0.0,0.0,0.0,124.4,0.6,8.5,0.1,0.0,0.7
00-0036862,Ben Skowronek,64.3,0.1,4.6,0.1,0.0,0.2,53.6,0.0,4.1,0.0,0.0,0.0,23.6,0.0,1.7,0.0,0.0,0.0,123.7,0.6,8.5,0.1,0.0,0.7
00-0035021,Ashton Dulin,62.3,0.8,1.8,19.0,0.0,0.2,52.3,0.6,1.5,11.2,0.0,0.0,22.5,0.0,0.3,2.0,0.0,0.0,118.4,2.2,3.9,48.7,0.0,0.7
00-0038938,Jalin Hyatt,58.3,0.1,7.4,0.1,0.0,0.2,48.3,0.0,6.5,0.0,0.0,0.0,21.0,0.0,2.9,0.0,0.0,0.0,112.7,0.6,13.5,0.1,0.0,0.7
00-0036345,K.J. Osborn,53.5,0.8,6.5,0.1,0.0,0.2,45.0,0.6,5.8,0.0,0.0,0.0,19.0,0.0,2.5,0.0,0.0,0.0,102.3,2.2,11.8,0.1,0.0,0.7
00-0037524,Tay Martin,45.3,0.8,0.9,0.1,0.0,0.2,38.0,0.6,0.7,0.0,0.0,0.0,16.6,0.0,0.0,0.0,0.0,0.0,87.2,2.2,2.2,0.1,0.0,0.7
00-0038519,Nikko Remigio,45.1,0.1,1.8,0.1,0.0,0.2,37.9,0.0,1.5,0.0,0.0,0.0,16.1,0.0,0.3,0.0,0.0,0.0,87.3,0.6,3.7,0.1,0.0,0.7
00-0038104,Tyquan Thornton,43.6,0.1,3.7,0.1,0.0,0.2,36.5,0.0,3.2,0.0,0.0,0.0,15.7,0.0,1.2,0.0,0.0,0.0,83.4,0.6,7.0,0.1,0.0,0.7
00-0035891,Cody White,41.3,0.1,1.8,0.1,0.0,0.2,34.6,0.0,1.5,0.0,0.0,0.0,14.8,0.0,0.3,0.0,0.0,0.0,79.1,0.6,3.8,0.2,0.0,0.7
00-0036620,Dee Eskridge,40.8,0.1,2.7,0.1,0.0,0.2,34.4,0.0,2.4,0.0,0.0,0.0,14.8,0.0,0.8,0.0,0.0,0.0,78.0,0.6,5.4,0.1,0.0,0.7
00-0039747,Ainias Smith,38.7,0.8,6.5,2.2,0.0,0.2,32.7,0.6,5.7,0.8,0.0,0.0,13.9,0.0,2.5,0.0,0.0,0.0,74.5,2.2,12.0,6.7,0.0,0.7
00-0036955,Terrace Marshall Jr.,38.2,0.1,2.7,0.1,0.0,0.2,31.8,0.0,2.4,0.0,0.0,0.0,13.6,0.0,0.7,0.0,0.0,0.0,73.3,0.6,5.4,0.1,0.0,0.7
00-0036497,Tim Jones,38.1,0.1,2.7,0.1,0.0,0.2,31.6,0.0,2.4,0.0,0.0,0.0,13.5,0.0,0.7,0.0,0.0,0.0,74.1,0.6,5.3,0.1,0.0,0.7
00-0036841,Austin Trammell,38.0,0.1,1.8,0.1,0.0,0.2,31.8,0.0,1.5,0.0,0.0,0.0,13.4,0.0,0.3,0.0,0.0,0.0,73.9,0.6,3.9,0.1,0.0,0.7
00-0038496,Xavier Gipson,36.6,0.8,5.6,1.8,0.0,0.2,30.8,0.6,4.9,0.6,0.0,0.0,13.0,0.0,2.1,0.0,0.0,0.0,70.1,2.2,10.3,5.8,0.0,0.7
00-0039236,Johnny Wilson,35.4,0.8,4.6,0.1,0.0,0.2,29.8,0.6,4.0,0.0,0.0,0.0,12.6,0.0,1.6,0.0,0.0,0.0,68.1,2.2,8.6,0.1,0.0,0.7
00-0036268,Laviska Shenault Jr.,33.7,0.1,4.6,0.3,0.0,0.2,28.3,0.0,4.0,0.0,0.0,0.0,11.8,0.0,1.6,0.0,0.0,0.0,65.1,0.6,8.5,1.2,0.0,0.7
00-0037132,Britain Covey,31.7,0.1,6.4,0.1,0.0,0.2,26.6,0.0,5.7,0.0,0.0,0.0,11.2,0.0,2.5,0.0,0.0,0.0,61.5,0.6,11.7,0.1,0.0,0.7
00-0037742,Treylon Burks,31.3,0.1,3.7,0.3,0.0,0.2,26.1,0.0,3.2,0.0,0.0,0.0,11.2,0.0,1.2,0.0,0.0,0.0,59.9,0.6,7.0,1.3,0.0,0.7
00-0035602,Alex Bachman,29.0,0.1,2.8,0.1,0.0,0.2,24.5,0.0,2.4,0.0,0.0,0.0,10.3,0.0,0.8,0.0,0.0,0.0,55.8,0.6,5.4,0.1,0.0,0.7
00-0034777,DJ Chark,28.8,0.8,3.6,0.1,0.0,0.2,23.9,0.6,3.1,0.0,0.0,0.0,10.2,0.0,1.2,0.0,0.0,0.0,56.0,2.2,7.0,0.1,0.0,0.7
00-0035639,Parris Campbell,28.0,0.8,5.6,0.1,0.0,0.2,23.5,0.6,4.9,0.0,0.0,0.0,9.9,0.0,2.1,0.0,0.0,0.0,54.0,2.2,10.3,0.1,0.0,0.7
00-0037257,David Bell,25.3,0.1,2.7,0.1,0.0,0.2,21.0,0.0,2.3,0.0,0.0,0.0,8.8,0.0,0.8,0.0,0.0,0.0,49.4,0.6,5.4,0.1,0.0,0.7
00-0039816,Anthony Gould,21.2,0.1,0.9,0.1,0.0,0.2,17.7,0.0,0.7,0.0,0.0,0.0,7.3,0.0,0.0,0.0,0.0,0.0,41.2,0.6,2.2,0.1,0.0,0.7
00-0038647,Ronnie Bell,20.6,0.1,1.8,0.1,0.0,0.2,17.1,0.0,1.5,0.0,0.0,0.0,7.1,0.0,0.3,0.0,0.0,0.0,40.2,0.6,3.9,0.1,0.0,0.7
00-0039379,Jamari Thrash,20.5,0.1,2.7,0.1,0.0,0.2,17.2,0.0,2.4,0.0,0.0,0.0,7.0,0.0,0.8,0.0,0.0,0.0,39.9,0.6,5.3,0.1,0.0,0.7
00-0039792,Devontez Walker,19.7,0.8,0.9,0.1,0.0,0.2,16.5,0.6,0.7,0.0,0.0,0.0,6.7,0.0,0.0,0.0,0.0,0.0,38.3,2.1,2.2,0.1,0.0,0.7
00-0036133,James Proche,19.4,0.1,2.7,0.1,0.0,0.2,16.1,0.0,2.3,0.0,0.0,0.0,6.6,0.0,0.8,0.0,0.0,0.0,37.9,0.6,5.3,0.1,0.0,0.7
00-0036183,Kristian Wilkerson,16.6,0.8,1.8,0.1,0.0,0.2,13.8,0.6,1.5,0.0,0.0,0.0,5.6,0.0,0.3,0.0,0.0,0.0,32.1,2.2,3.8,0.1,0.0,0.7
00-0036176,Mason Kinsey,16.0,0.1,1.8,0.1,0.0,0.2,13.3,0.0,1.5,0.0,0.0,0.0,5.2,0.0,0.3,0.0,0.0,0.0,31.5,0.6,3.8,0.1,0.0,0.7
00-0036463,Chris Blair,15.8,0.1,0.9,0.1,0.0,0.2,13.2,0.0,0.7,0.0,0.0,0.0,5.3,0.0,0.0,0.0,0.0,0.0,30.8,0.6,2.2,0.1,0.0,0.7
00-0039920,Malachi Corley,15.1,0.1,2.8,11.1,0.0,1.1,12.7,0.0,2.4,6.3,0.0,1.0,5.0,0.0,0.7,0.8,0.0,0.1,29.5,0.6,5.4,29.5,0.0,2.4
00-0034353,Anthony Miller,14.9,0.1,0.9,0.1,0.0,0.2,12.3,0.0,0.7,0.0,0.0,0.0,5.0,0.0,0.0,0.0,0.0,0.0,29.3,0.6,2.2,0.1,0.0,0.7
00-0035341,Trenton Irwin,13.9,0.1,2.8,0.1,0.0,0.2,11.6,0.0,2.4,0.0,0.0,0.0,4.6,0.0,0.8,0.0,0.0,0.0,27.5,0.6,5.4,0.1,0.0,0.7
00-0039394,Casey Washington,13.1,0.1,0.9,0.1,0.0,0.2,10.9,0.0,0.7,0.0,0.0,0.0,4.2,0.0,0.0,0.0,0.0,0.0,25.8,0.6,2.2,0.1,0.0,0.7
00-0039853,Javon Baker,11.2,0.1,0.9,0.1,0.0,0.2,9.3,0.0,0.7,0.0,0.0,0.0,3.5,0.0,0.0,0.0,0.0,0.0,22.1,0.6,2.2,0.1,0.0,0.7
00-0036165,Isaiah Hodgins,11.2,0.1,1.8,0.1,0.0,0.2,9.4,0.0,1.5,0.0,0.0,0.0,3.5,0.0,0.3,0.0,0.0,0.0,22.4,0.6,3.8,0.1,0.0,0.7
00-0033292,Trent Taylor,10.2,0.1,0.9,0.1,0.0,0.2,8.4,0.0,0.7,0.0,0.0,0.0,3.2,0.0,0.0,0.0,0.0,0.0,20.4,0.6,2.2,0.1,0.0,0.7
00-0037382,Brandon Johnson,8.4,0.1,0.9,0.1,0.0,0.2,6.9,0.0,0.7,0.0,0.0,0.0,2.4,0.0,0.0,0.0,0.0,0.0,17.0,0.6,2.2,0.2,0.0,0.7
00-0037422,Kendric Pryor,8.4,0.1,0.9,0.1,0.0,0.2,6.9,0.0,0.7,0.0,0.0,0.0,2.5,0.0,0.0,0.0,0.0,0.0,17.0,0.6,2.2,0.1,0.0,0.7
00-0039392,Jha'Quan Jackson,7.5,0.1,0.9,0.0,0.0,0.2,6.2,0.0,0.7,0.0,0.0,0.0,2.2,0.0,0.0,0.0,0.0,0.0,15.2,0.6,2.2,0.0,0.0,0.7
00-0039543,Ramel Keyton,6.5,0.1,0.9,0.1,0.0,0.2,5.3,0.0,0.7,0.0,0.0,0.0,1.8,0.0,0.0,0.0,0.0,0.0,13.4,0.6,2.2,0.1,0.0,0.7
00-0039451,Isaiah Williams,5.6,0.1,1.8,0.1,0.0,0.2,4.6,0.0,1.5,0.0,0.0,0.0,1.5,0.0,0.3,0.0,0.0,0.0,11.8,0.6,3.7,0.1,0.0,0.7
00-0038359,Xavier Smith,5.6,0.1,1.8,15.7,0.0,0.2,4.5,0.0,1.5,9.3,0.0,0.0,1.5,0.0,0.3,1.4,0.0,0.0,11.6,0.6,3.8,41.5,0.0,0.7
00-0036254,Collin Johnson,5.5,0.1,0.9,0.1,0.0,0.2,4.5,0.0,0.7,0.0,0.0,0.0,1.4,0.0,0.0,0.0,0.0,0.0,11.3,0.6,2.2,0.1,0.0,0.7
00-0038941,Tyler Scott,4.7,0.1,0.9,0.1,0.0,0.2,3.8,0.0,0.7,0.0,0.0,0.0,1.1,0.0,0.0,0.0,0.0,0.0,9.8,0.6,2.2,0.1,0.0,0.7
00-0038576,Charlie Jones,4.6,0.1,0.9,0.1,0.0,0.2,3.7,0.0,0.7,0.0,0.0,0.0,1.1,0.0,0.0,0.0,0.0,0.0,9.7,0.6,2.2,0.1,0.0,0.7
00-0035544,Tom Kennedy,0.2,0.1,0.2,0.1,0.0,0.2,0.0,0.0,0.0,0.0,0.0,0.0,0.0,0.0,0.0,0.0,0.0,0.0,0.8,0.6,0.6,0.1,0.0,0.7
00-0037093,Dareke Young,0.2,0.1,0.2,0.1,0.0,0.2,0.0,0.0,0.0,0.0,0.0,0.0,0.0,0.0,0.0,0.0,0.0,0.0,0.8,0.6,0.6,0.1,0.0,0.7
00-0039589,Kameron Johnson,0.2,0.1,0.1,4.5,0.0,0.2,0.0,0.0,0.0,2.3,0.0,0.0,0.0,0.0,0.0,0.0,0.0,0.0,0.8,0.6,0.6,12.8,0.0,0.7
00-0034419,Braxton Berrios,0.2,0.1,0.2,0.1,0.0,0.2,0.0,0.0,0.0,0.0,0.0,0.0,0.0,0.0,0.0,0.0,0.0,0.0,0.8,0.6,0.6,0.1,0.0,0.7
00-0034928,Steven Sims,0.2,0.1,0.2,0.1,0.0,0.2,0.0,0.0,0.0,0.0,0.0,0.0,0.0,0.0,0.0,0.0,0.0,0.0,0.8,0.6,0.6,0.1,0.0,0.7
00-0038477,Bryce Ford-Wheaton,0.2,0.1,0.2,0.1,0.0,0.2,0.0,0.0,0.0,0.0,0.0,0.0,0.0,0.0,0.0,0.0,0.0,0.0,0.8,0.6,0.6,0.1,0.0,0.7
00-0038092,Erik Ezukanma,0.2,0.1,0.2,0.1,0.0,0.2,0.0,0.0,0.0,0.0,0.0,0.0,0.0,0.0,0.0,0.0,0.0,0.0,0.8,0.6,0.6,0.1,0.0,0.7
00-0039521,Xavier Weaver,0.2,0.1,0.2,0.1,0.0,0.2,0.0,0.0,0.0,0.0,0.0,0.0,0.0,0.0,0.0,0.0,0.0,0.0,0.8,0.6,0.6,0.1,0.0,0.7
00-0037156,Irvin Charles,0.2,0.1,0.2,0.1,0.0,0.2,0.0,0.0,0.0,0.0,0.0,0.0,0.0,0.0,0.0,0.0,0.0,0.0,0.8,0.6,0.6,0.1,0.0,0.7
00-0036635,Ihmir Smith-Marsette,0.2,0.1,0.2,0.1,0.0,0.2,0.0,0.0,0.0,0.0,0.0,0.0,0.0,0.0,0.0,0.0,0.0,0.0,0.8,0.6,0.6,0.1,0.0,0.7
00-0038090,Skyy Moore,0.2,0.1,0.1,0.1,0.0,0.2,0.0,0.0,0.0,0.0,0.0,0.0,0.0,0.0,0.0,0.0,0.0,0.0,0.8,0.6,0.6,0.1,0.0,0.7
00-0038840,Brycen Tremayne,0.0,0.1,0.9,0.1,0.0,0.2,0.0,0.0,0.7,0.0,0.0,0.0,0.0,0.0,0.0,0.0,0.0,0.0,0.0,0.6,2.2,0.1,0.0,0.7
